No.,ISOCode,City,WaveID,Cases,BeingTreated,Recover,Deaths,Self-isolate,1.V.12..17Age,2.V.12..17Age,1.V.18+Age,2.V.18+Age,3.V.18+Age,4.V.18+Age,1.V.5..11Age
1,VN-HN ,Ba Đình,4,9073,8401,657,15,0,0,0,0,0,0,0,0
2,VN-HN ,Cầu Diễn,4,0,0,0,0,0,0,0,0,0,0,0,0
3,VN-HN ,Cầu Giấy,4,7524,6994,518,12,0,0,0,0,0,0,0,0
4,VN-HN ,Chúc Sơn,4,0,0,0,0,0,0,0,0,0,0,0,0
5,VN-HN ,Đại Nghĩa,4,0,0,0,0,0,0,0,0,0,0,0,0
6,VN-HN ,Đông Anh,4,18456,17166,1256,34,0,0,0,0,0,0,0,0
7,VN-HN ,Đống Đa,4,15689,10054,5600,35,0,0,0,0,0,0,0,0
8,VN-HN ,Hà Đông,4,10773,6031,4700,42,0,0,0,0,0,0,0,0
9,VN-HN ,Hai Bà Trưng,4,12002,6162,5789,51,0,0,0,0,0,0,0,0
10,VN-HN ,Hoàn Kiếm,4,8123,3500,4560,63,0,0,0,0,0,0,0,0
11,VN-HN ,Kim Bài,4,0,0,0,0,0,0,0,0,0,0,0,0
12,VN-HN ,Liên Quan,4,0,0,0,0,0,0,0,0,0,0,0,0
13,VN-HN ,Mê Linh,4,9261,8419,764,78,0,0,0,0,0,0,0,0
14,VN-HN ,Phú Xuyên,4,4345,3521,812,12,0,0,0,0,0,0,0,0
15,VN-HN ,Phúc Thọ,4,4226,3625,569,32,0,0,0,0,0,0,0,0
16,VN-HN ,Phùng,4,0,0,0,0,0,0,0,0,0,0,0,0
17,VN-HN ,Quốc Oai,4,6464,6152,267,45,0,0,0,0,0,0,0,0
18,VN-HN ,Sóc Sơn,4,12422,11068,1289,65,0,0,0,0,0,0,0,0
19,VN-HN ,Sơn Tây,4,3835,3190,567,78,0,0,0,0,0,0,0,0
20,VN-HN ,Tây Đằng,4,0,0,0,0,0,0,0,0,0,0,0,0
21,VN-HN ,Tây Hồ,4,7666,7397,235,34,0,0,0,0,0,0,0,0
22,VN-HN ,Thanh Xuân,4,12989,12514,456,19,0,0,0,0,0,0,0,0
23,VN-HN ,Thường Tín,4,0,0,0,0,0,0,0,0,0,0,0,0
24,VN-HN ,Trâu Quỳ,4,0,0,0,0,0,0,0,0,0,0,0,0
25,VN-HN ,Trôi,4,0,0,0,0,0,0,0,0,0,0,0,0
26,VN-HN ,Văn Điển,4,0,0,0,0,0,0,0,0,0,0,0,0
27,VN-HN ,Vân Đình,4,0,0,0,0,0,0,0,0,0,0,0,0
28,VN-03 ,Lũng Hồ,4,3,1,2,0,0,0,0,0,0,0,0,0
29,VN-03 ,Mèo Vạc,4,1,1,1,0,0,0,0,0,0,0,0,0
30,VN-03 ,Thị Trấn Đồng Văn,4,0,0,0,0,0,0,0,0,0,0,0,0
31,VN-03 ,Thị Trấn Tam Sơn,4,0,0,0,0,0,0,0,0,0,0,0,0
32,VN-03 ,Thị Trấn Việt Lâm,4,0,0,0,0,0,0,0,0,0,0,0,0
33,VN-03 ,Thị Trấn Việt Quang,4,0,0,0,0,0,0,0,0,0,0,0,0
34,VN-03 ,Thị Trấn Vĩnh Tuy,4,0,0,0,0,0,0,0,0,0,0,0,0
35,VN-03 ,Vị Xuyên,4,0,0,0,0,0,0,0,0,0,0,0,0
36,VN-03 ,Vinh Quang,4,0,0,0,0,0,0,0,0,0,0,0,0
37,VN-03 ,Yên Bình,4,0,0,0,0,0,0,0,0,0,0,0,0
38,VN-03 ,Yên Minh,4,0,0,0,0,0,0,0,0,0,0,0,0
39,VN-03 ,Yên Phú,4,0,0,0,0,0,0,0,0,0,0,0,0
40,VN-04 ,Bảo Lạc,4,0,0,0,0,0,0,0,0,0,0,0,0
41,VN-04 ,Pác Miầu,4,0,0,0,0,0,0,0,0,0,0,0,0
42,VN-04 ,Quảng Uyên,4,0,0,0,0,0,0,0,0,0,0,0,0
43,VN-04 ,Tân Việt,4,0,0,0,0,0,0,0,0,0,0,0,0
44,VN-04 ,Thị Trấn Đông Khê,4,0,0,0,0,0,0,0,0,0,0,0,0
45,VN-04 ,Thị Trấn Hùng Quốc,4,0,0,0,0,0,0,0,0,0,0,0,0
46,VN-04 ,Thị Trấn Nguyên Bình,4,0,0,0,0,0,0,0,0,0,0,0,0
47,VN-04 ,Thị Trấn Nước Hai,4,0,0,0,0,0,0,0,0,0,0,0,0
48,VN-04 ,Thị Trấn Tà Lùng,4,0,0,0,0,0,0,0,0,0,0,0,0
49,VN-04 ,Thị Trấn Thanh Nhật,4,0,0,0,0,0,0,0,0,0,0,0,0
50,VN-04 ,Thị Trấn Xuân Hoà,4,0,0,0,0,0,0,0,0,0,0,0,0
51,VN-04 ,Thông Nông,4,0,0,0,0,0,0,0,0,0,0,0,0
52,VN-04 ,Trùng Khánh,4,0,0,0,0,0,0,0,0,0,0,0,0
53,VN-53 ,Bằng Lũng,4,6,6,0,0,0,0,0,0,0,0,0,0
54,VN-53 ,Bộc Bố,4,6,6,0,0,0,0,0,0,0,0,0,0
55,VN-53 ,Chợ Mới,4,6,6,0,0,0,0,0,0,0,0,0,0
56,VN-53 ,Chợ Rã,4,6,6,0,0,0,0,0,0,0,0,0,0
57,VN-53 ,Phủ Thông,4,6,6,0,0,0,0,0,0,0,0,0,0
58,VN-53 ,Vân Tùng,4,6,6,0,0,0,0,0,0,0,0,0,0
59,VN-53 ,Yến Lạc,4,6,6,0,0,0,0,0,0,0,0,0,0
60,VN-07 ,Huyện Chiêm Hóa,4,1,0,1,0,0,0,0,0,0,0,0,0
61,VN-07 ,Sơn Dương,4,0,0,0,0,0,0,0,0,0,0,0,0
62,VN-07 ,Tân Yên,4,0,0,0,0,0,0,0,0,0,0,0,0
63,VN-07 ,Thị Trấn Na Hang,4,0,0,0,0,0,0,0,0,0,0,0,0
64,VN-07 ,Vĩnh Lộc,4,0,0,0,0,0,0,0,0,0,0,0,0
65,VN-02 ,Bắc Hà,4,7,5,2,0,0,0,0,0,0,0,0,0
66,VN-02 ,Bát Xát,4,2,1,1,0,0,0,0,0,0,0,0,0
67,VN-02 ,Mường Khương,4,0,0,0,0,0,0,0,0,0,0,0,0
68,VN-02 ,Sa Pa,4,0,0,0,0,0,0,0,0,0,0,0,0
69,VN-02 ,Si Ma Cai,4,0,0,0,0,0,0,0,0,0,0,0,0
70,VN-02 ,Thị Trấn Khánh Yên,4,0,0,0,0,0,0,0,0,0,0,0,0
71,VN-02 ,Thị Trấn Phố Lu,4,0,0,0,0,0,0,0,0,0,0,0,0
72,VN-02 ,Thị Trấn Phố Ràng,4,0,0,0,0,0,0,0,0,0,0,0,0
73,VN-71 ,Điện Biên Đông,4,59,7,52,0,0,0,0,0,0,0,0,0
74,VN-71 ,Mường Ảng,4,59,7,52,0,0,0,0,0,0,0,0,0
75,VN-71 ,Mường Chà,4,59,7,52,0,0,0,0,0,0,0,0,0
76,VN-71 ,Mường Nhé,4,59,7,52,0,0,0,0,0,0,0,0,0
77,VN-71 ,Tủa Chùa,4,59,7,52,0,0,0,0,0,0,0,0,0
78,VN-71 ,Tuần Giáo,4,59,7,52,0,0,0,0,0,0,0,0,0
79,VN-01 ,Mường Tè,4,1,0,1,0,0,0,0,0,0,0,0,0
80,VN-01 ,Phong Thổ,4,0,0,0,0,0,0,0,0,0,0,0,0
81,VN-01 ,Sìn Hồ,4,0,0,0,0,0,0,0,0,0,0,0,0
82,VN-01 ,Tam Đường,4,0,0,0,0,0,0,0,0,0,0,0,0
83,VN-01 ,Than Uyên,4,0,0,0,0,0,0,0,0,0,0,0,0
84,VN-05 ,Bắc Yên,4,1,1,0,0,0,0,0,0,0,0,0,0
85,VN-05 ,Hát Lót,4,0,0,0,0,0,0,0,0,0,0,0,0
86,VN-05 ,Ít Ong,4,0,0,0,0,0,0,0,0,0,0,0,0
87,VN-05 ,Mộc Châu,4,0,0,0,0,0,0,0,0,0,0,0,0
88,VN-05 ,Mường Chiên,4,0,0,0,0,0,0,0,0,0,0,0,0
89,VN-05 ,Phù Yên,4,0,0,0,0,0,0,0,0,0,0,0,0
90,VN-05 ,Sông Mã,4,0,0,0,0,0,0,0,0,0,0,0,0
91,VN-05 ,Sốp Cộp,4,0,0,0,0,0,0,0,0,0,0,0,0
92,VN-05 ,Thuận Châu,4,0,0,0,0,0,0,0,0,0,0,0,0
93,VN-05 ,Yên Châu,4,0,0,0,0,0,0,0,0,0,0,0,0
94,VN-06 ,Cổ Phúc,4,3,0,3,0,0,0,0,0,0,0,0,0
95,VN-06 ,Mù Cang Chải,4,2,0,2,0,0,0,0,0,0,0,0,0
96,VN-06 ,Sơn Thịnh,4,0,0,0,0,0,0,0,0,0,0,0,0
97,VN-06 ,Trạm Tấu,4,0,0,0,0,0,0,0,0,0,0,0,0
98,VN-06 ,Yên Thế,4,0,0,0,0,0,0,0,0,0,0,0,0
99,VN-14 ,Bo,4,7,7,0,0,0,0,0,0,0,0,0,0
100,VN-14 ,Cao Phong,4,8,5,3,0,0,0,0,0,0,0,0,0
101,VN-14 ,Chi Nê,4,9,7,2,0,0,0,0,0,0,0,0,0
102,VN-14 ,Đà Bắc,4,5,3,2,0,0,0,0,0,0,0,0,0
103,VN-14 ,Hàng Trạm,4,3,2,1,0,0,0,0,0,0,0,0,0
104,VN-14 ,Kỳ Sơn,4,8,7,1,0,0,0,0,0,0,0,0,0
105,VN-14 ,Lương Sơn,4,0,0,0,0,0,0,0,0,0,0,0,0
106,VN-14 ,Mai Châu,4,0,0,0,0,0,0,0,0,0,0,0,0
107,VN-14 ,Mường Khến,4,0,0,0,0,0,0,0,0,0,0,0,0
108,VN-14 ,Vụ Bản,4,0,0,0,0,0,0,0,0,0,0,0,0
109,VN-69 ,Chợ Chu,4,9,1,8,0,0,0,0,0,0,0,0,0
110,VN-69 ,Chùa Hang,4,9,1,8,0,0,0,0,0,0,0,0,0
111,VN-69 ,Đu,4,9,1,8,0,0,0,0,0,0,0,0,0
112,VN-69 ,Hương Sơn,4,9,1,8,0,0,0,0,0,0,0,0,0
113,VN-09 ,Bắc Sơn,4,20,12,8,0,0,0,0,0,0,0,0,0
114,VN-09 ,Bình Gia,4,30,27,3,0,0,0,0,0,0,0,0,0
115,VN-09 ,Cao Lộc,4,42,35,7,1,0,0,0,0,0,0,0,0
116,VN-09 ,Đình Lập,4,12,11,1,0,0,0,0,0,0,0,0,0
117,VN-09 ,Đồng Mỏ,4,8,7,0,0,0,0,0,0,0,0,0,0
118,VN-09 ,Hữu Lũng,4,3,3,0,0,0,0,0,0,0,0,0,0
119,VN-09 ,Lộc Bình,4,0,0,0,0,0,0,0,0,0,0,0,0
120,VN-09 ,Thị Trấn Na Sầm,4,2,2,0,0,0,0,0,0,0,0,0,0
121,VN-09 ,Thị Trấn Thất Khê,4,0,0,0,0,0,0,0,0,0,0,0,0
122,VN-09 ,Văn Quan,4,0,0,0,0,0,0,0,0,0,0,0,0
123,VN-13 ,Cẩm Phả,4,44,30,12,0,0,0,0,0,0,0,0,0
124,VN-13 ,Cô Tô,4,12,3,9,0,0,0,0,0,0,0,0,0
125,VN-13 ,Móng Cái,4,18,13,5,0,0,0,0,0,0,0,0,0
126,VN-13 ,Quảng Hà,4,22,4,18,0,0,0,0,0,0,0,0,0
127,VN-13 ,Quảng Yên,4,5,4,0,0,0,0,0,0,0,0,0,0
128,VN-13 ,Trới,4,3,2,0,0,0,0,0,0,0,0,0,0
129,VN-54 ,An Châu,4,5951,2347,3592,12,0,0,0,0,0,0,0,0
130,VN-54 ,Bích Động,4,5951,2347,3592,12,0,0,0,0,0,0,0,0
131,VN-54 ,Cao Thượng,4,5951,2347,3592,12,0,0,0,0,0,0,0,0
132,VN-54 ,Cầu Gồ,4,5951,2347,3592,12,0,0,0,0,0,0,0,0
133,VN-54 ,Chũ,4,5951,2347,3592,12,0,0,0,0,0,0,0,0
134,VN-54 ,Đồi Ngô,4,5951,2347,3592,12,0,0,0,0,0,0,0,0
135,VN-54 ,Neo,4,5951,2347,3592,12,0,0,0,0,0,0,0,0
136,VN-54 ,Thắng,4,5951,2347,3592,12,0,0,0,0,0,0,0,0
137,VN-54 ,Vôi,4,5951,2347,3592,12,0,0,0,0,0,0,0,0
138,VN-68 ,Đoan Hùng,4,8,3,5,0,0,0,0,0,0,0,0,0
139,VN-68 ,Hạ Hòa,4,8,3,5,0,0,0,0,0,0,0,0,0
140,VN-68 ,Hưng Hóa,4,8,3,5,0,0,0,0,0,0,0,0,0
141,VN-68 ,Lâm Thao,4,8,3,5,0,0,0,0,0,0,0,0,0
142,VN-68 ,Phong Châu,4,8,3,5,0,0,0,0,0,0,0,0,0
143,VN-68 ,Phú Thọ,4,8,3,5,0,0,0,0,0,0,0,0,0
144,VN-68 ,Sông Thao,4,8,3,5,0,0,0,0,0,0,0,0,0
145,VN-68 ,Thanh Ba,4,8,3,5,0,0,0,0,0,0,0,0,0
146,VN-68 ,Thanh Sơn,4,8,3,5,0,0,0,0,0,0,0,0,0
147,VN-68 ,Thanh Thủy,4,8,3,5,0,0,0,0,0,0,0,0,0
148,VN-68 ,Yên Lập,4,8,3,5,0,0,0,0,0,0,0,0,0
149,VN-70 ,Hợp Hòa,4,133,83,50,0,0,0,0,0,0,0,0,0
150,VN-70 ,Hương Canh,4,133,83,50,0,0,0,0,0,0,0,0,0
151,VN-70 ,Lập Thạch,4,133,83,50,0,0,0,0,0,0,0,0,0
152,VN-70 ,Phúc Yên,4,133,83,50,0,0,0,0,0,0,0,0,0
153,VN-70 ,Tam Đảo,4,133,83,50,0,0,0,0,0,0,0,0,0
154,VN-70 ,Vĩnh Tường,4,133,83,50,0,0,0,0,0,0,0,0,0
155,VN-70 ,Yên Lạc,4,133,83,50,0,0,0,0,0,0,0,0,0
156,VN-56 ,Chờ,4,1728,675,1042,11,0,0,0,0,0,0,0,0
157,VN-56 ,Gia Bình,4,1728,675,1042,11,0,0,0,0,0,0,0,0
158,VN-56 ,Hồ,4,1728,675,1042,11,0,0,0,0,0,0,0,0
159,VN-56 ,Lim,4,1728,675,1042,11,0,0,0,0,0,0,0,0
160,VN-56 ,Phố Mới,4,1728,675,1042,11,0,0,0,0,0,0,0,0
161,VN-56 ,Thứa,4,1728,675,1042,11,0,0,0,0,0,0,0,0
162,VN-61 ,Gia Lộc,4,817,13,804,0,0,0,0,0,0,0,0,0
163,VN-61 ,Kẻ Sặt,4,817,13,804,0,0,0,0,0,0,0,0,0
164,VN-61 ,Kinh Môn,4,817,13,804,0,0,0,0,0,0,0,0,0
165,VN-61 ,Lai Cách,4,817,13,804,0,0,0,0,0,0,0,0,0
166,VN-61 ,Nam Sách,4,817,13,804,0,0,0,0,0,0,0,0,0
167,VN-61 ,Ninh Giang,4,817,13,804,0,0,0,0,0,0,0,0,0
168,VN-61 ,Phú Thái,4,817,13,804,0,0,0,0,0,0,0,0,0
169,VN-61 ,Thanh Hà,4,817,13,804,0,0,0,0,0,0,0,0,0
170,VN-61 ,Thanh Miện,4,817,13,804,0,0,0,0,0,0,0,0,0
171,VN-61 ,Tứ Kỳ,4,817,13,804,0,0,0,0,0,0,0,0,0
172,VN-HP ,An Dương,4,33,21,12,0,0,0,0,0,0,0,0,0
173,VN-HP ,An Lão,4,33,21,12,0,0,0,0,0,0,0,0,0
174,VN-HP ,Cát Bà,4,33,21,12,0,0,0,0,0,0,0,0,0
175,VN-HP ,Núi Đèo,4,33,21,12,0,0,0,0,0,0,0,0,0
176,VN-HP ,Núi Đối,4,33,21,12,0,0,0,0,0,0,0,0,0
177,VN-HP ,Tiên Lãng,4,33,21,12,0,0,0,0,0,0,0,0,0
178,VN-HP ,Vĩnh Bảo,4,33,21,12,0,0,0,0,0,0,0,0,0
179,VN-66 ,Ân Thi,4,273,205,68,0,0,0,0,0,0,0,0,0
180,VN-66 ,Bẩn Yên Nhân,4,273,205,68,0,0,0,0,0,0,0,0,0
181,VN-66 ,Khoái Châu,4,273,205,68,0,0,0,0,0,0,0,0,0
182,VN-66 ,Lương Bằng,4,273,205,68,0,0,0,0,0,0,0,0,0
183,VN-66 ,Như Quỳnh,4,273,205,68,0,0,0,0,0,0,0,0,0
184,VN-66 ,Trần Cao,4,273,205,68,0,0,0,0,0,0,0,0,0
185,VN-66 ,Văn Giang,4,273,205,68,0,0,0,0,0,0,0,0,0
186,VN-66 ,Vương,4,273,205,68,0,0,0,0,0,0,0,0,0
187,VN-66 ,Yên Mỹ,4,273,205,68,0,0,0,0,0,0,0,0,0
188,VN-20 ,Diêm Điền,4,24,13,11,0,0,0,0,0,0,0,0,0
189,VN-20 ,Đông Hưng,4,8,5,3,0,0,0,0,0,0,0,0,0
190,VN-20 ,Hưng Hà,4,7,5,2,0,0,0,0,0,0,0,0,0
191,VN-20 ,Quỳnh Côi,4,12,10,2,0,0,0,0,0,0,0,0,0
192,VN-20 ,Thanh Nê,4,15,9,6,0,0,0,0,0,0,0,0,0
193,VN-20 ,Vũ Thư,4,12,10,2,0,0,0,0,0,0,0,0,0
194,VN-63 ,Bình Mỹ,4,65,15,50,0,0,0,0,0,0,0,0,0
195,VN-63 ,Hòa Mạc,4,65,15,50,0,0,0,0,0,0,0,0,0
196,VN-63 ,Quế,4,65,15,50,0,0,0,0,0,0,0,0,0
197,VN-63 ,Thanh Lưu,4,65,15,50,0,0,0,0,0,0,0,0,0
198,VN-63 ,Vĩnh Trụ,4,65,15,50,0,0,0,0,0,0,0,0,0
199,VN-67 ,Cổ Lễ,4,31,13,18,0,0,0,0,0,0,0,0,0
200,VN-67 ,Gôi,4,31,13,18,0,0,0,0,0,0,0,0,0
201,VN-67 ,Lâm,4,31,13,18,0,0,0,0,0,0,0,0,0
202,VN-67 ,Liễu Đề,4,31,13,18,0,0,0,0,0,0,0,0,0
203,VN-67 ,Mỹ Lộc,4,31,13,18,0,0,0,0,0,0,0,0,0
204,VN-67 ,Nam Giang,4,31,13,18,0,0,0,0,0,0,0,0,0
205,VN-67 ,Ngô Đồng,4,31,13,18,0,0,0,0,0,0,0,0,0
206,VN-67 ,Xuân Trường,4,31,13,18,0,0,0,0,0,0,0,0,0
207,VN-67 ,Yên Định,4,31,13,18,0,0,0,0,0,0,0,0,0
208,VN-18 ,Me,4,54,17,37,0,0,0,0,0,0,0,0,0
209,VN-18 ,Nho Quan,4,54,17,37,0,0,0,0,0,0,0,0,0
210,VN-18 ,Phát Diệm,4,54,17,37,0,0,0,0,0,0,0,0,0
211,VN-18 ,Tam Điệp,4,54,17,37,0,0,0,0,0,0,0,0,0
212,VN-18 ,Thiên Tồn,4,54,17,37,0,0,0,0,0,0,0,0,0
213,VN-18 ,Yên Ninh,4,54,17,37,0,0,0,0,0,0,0,0,0
214,VN-18 ,Yên Thịnh,4,54,17,37,0,0,0,0,0,0,0,0,0
215,VN-21 ,Bến Sung,4,78,52,26,0,0,0,0,0,0,0,0,0
216,VN-21 ,Bút Sơn,4,78,52,26,0,0,0,0,0,0,0,0,0
217,VN-21 ,Cẩm Thủy,4,78,52,26,0,0,0,0,0,0,0,0,0
218,VN-21 ,Cành Nàng,4,78,52,26,0,0,0,0,0,0,0,0,0
219,VN-21 ,Hậu Lộc,4,78,52,26,0,0,0,0,0,0,0,0,0
220,VN-21 ,Kim Tân,4,78,52,26,0,0,0,0,0,0,0,0,0
221,VN-21 ,Lang Chánh,4,78,52,26,0,0,0,0,0,0,0,0,0
222,VN-21 ,Mường Lát,4,78,52,26,0,0,0,0,0,0,0,0,0
223,VN-21 ,Nga Sơn,4,78,52,26,0,0,0,0,0,0,0,0,0
224,VN-21 ,Ngọc Lặc,4,78,52,26,0,0,0,0,0,0,0,0,0
225,VN-21 ,Nông Cống,4,78,52,26,0,0,0,0,0,0,0,0,0
226,VN-21 ,Quan Hóa,4,78,52,26,0,0,0,0,0,0,0,0,0
227,VN-21 ,Quán Lào,4,78,52,26,0,0,0,0,0,0,0,0,0
228,VN-21 ,Quan Sơn,4,78,52,26,0,0,0,0,0,0,0,0,0
229,VN-21 ,Quảng Xương,4,78,52,26,0,0,0,0,0,0,0,0,0
230,VN-21 ,Rừng Thông,4,78,52,26,0,0,0,0,0,0,0,0,0
231,VN-21 ,Thọ Xuân,4,78,52,26,0,0,0,0,0,0,0,0,0
232,VN-21 ,Thường Xuân,4,78,52,26,0,0,0,0,0,0,0,0,0
233,VN-21 ,Tĩnh Gia,4,78,52,26,0,0,0,0,0,0,0,0,0
234,VN-21 ,Triệu Sơn,4,78,52,26,0,0,0,0,0,0,0,0,0
235,VN-21 ,Vạn Hà,4,78,52,26,0,0,0,0,0,0,0,0,0
236,VN-21 ,Vĩnh Lộc,4,78,52,26,0,0,0,0,0,0,0,0,0
237,VN-21 ,Yên Cát,4,78,52,26,0,0,0,0,0,0,0,0,0
238,VN-22 ,Anh Sơn,4,163,157,5,1,0,0,0,0,0,0,0,0
239,VN-22 ,Cầu Giát,4,163,157,5,1,0,0,0,0,0,0,0,0
240,VN-22 ,Con Cuông,4,163,157,5,1,0,0,0,0,0,0,0,0
241,VN-22 ,Diễn Châu,4,163,157,5,1,0,0,0,0,0,0,0,0
242,VN-22 ,Đô Lương,4,163,157,5,1,0,0,0,0,0,0,0,0
243,VN-22 ,Hòa Bình,4,163,157,5,1,0,0,0,0,0,0,0,0
244,VN-22 ,Hưng Nguyên,4,163,157,5,1,0,0,0,0,0,0,0,0
245,VN-22 ,Kim Sơn,4,163,157,5,1,0,0,0,0,0,0,0,0
246,VN-22 ,Mường Xén,4,163,157,5,1,0,0,0,0,0,0,0,0
247,VN-22 ,Nam Đàn,4,163,157,5,1,0,0,0,0,0,0,0,0
248,VN-22 ,Quán Hành,4,163,157,5,1,0,0,0,0,0,0,0,0
249,VN-22 ,Quỳ Châu,4,163,157,5,1,0,0,0,0,0,0,0,0
250,VN-22 ,Quỳ Hợp,4,163,157,5,1,0,0,0,0,0,0,0,0
251,VN-22 ,Tân Kỳ,4,163,157,5,1,0,0,0,0,0,0,0,0
252,VN-22 ,Thanh Chương,4,163,157,5,1,0,0,0,0,0,0,0,0
253,VN-22 ,Yên Thành,4,163,157,5,1,0,0,0,0,0,0,0,0
254,VN-23 ,Cẩm Xuyên,4,139,118,20,1,0,0,0,0,0,0,0,0
255,VN-23 ,Đức Thọ,4,139,118,20,1,0,0,0,0,0,0,0,0
256,VN-23 ,Hương Khê,4,139,118,20,1,0,0,0,0,0,0,0,0
257,VN-23 ,Kỳ Anh,4,139,118,20,1,0,0,0,0,0,0,0,0
258,VN-23 ,Nghèn,4,139,118,20,1,0,0,0,0,0,0,0,0
259,VN-23 ,Nghi Xuân,4,139,118,20,1,0,0,0,0,0,0,0,0
260,VN-23 ,Phố Châu,4,139,118,20,1,0,0,0,0,0,0,0,0
261,VN-23 ,Thạch Hà,4,139,118,20,1,0,0,0,0,0,0,0,0
262,VN-23 ,Vũ Quang,4,139,118,20,1,0,0,0,0,0,0,0,0
263,VN-24 ,Ba Đồn,4,1,1,0,0,0,0,0,0,0,0,0,0
264,VN-24 ,Đồng Lê,4,1,1,0,0,0,0,0,0,0,0,0,0
265,VN-24 ,Hoàn Lão,4,1,1,0,0,0,0,0,0,0,0,0,0
266,VN-24 ,Kiến Giang,4,1,1,0,0,0,0,0,0,0,0,0,0
267,VN-24 ,Quán Hàu,4,1,1,0,0,0,0,0,0,0,0,0,0
268,VN-24 ,Quy Đạt,4,1,1,0,0,0,0,0,0,0,0,0,0
269,VN-25 ,Đông Hà,4,18,5,12,1,0,0,0,0,0,0,0,
270,VN-25 ,Ái Tử,4,18,5,12,1,0,0,0,0,0,0,0,0
271,VN-25 ,Cam Lộ,4,18,5,12,1,0,0,0,0,0,0,0,0
272,VN-25 ,Gio Linh,4,18,5,12,1,0,0,0,0,0,0,0,0
273,VN-25 ,Hải Lăng,4,18,5,12,1,0,0,0,0,0,0,0,0
274,VN-25 ,Hồ Xá,4,18,5,12,1,0,0,0,0,0,0,0,0
275,VN-25 ,Khe Sanh,4,18,5,12,1,0,0,0,0,0,0,0,0
276,VN-25 ,Krông Klang,4,18,5,12,1,0,0,0,0,0,0,0,0
277,VN-26 ,A Lưới,4,13,7,6,0,0,0,0,0,0,0,0,0
278,VN-26 ,Hương Trà,4,13,7,6,0,0,0,0,0,0,0,0,0
279,VN-26 ,Khe Tre,4,13,7,6,0,0,0,0,0,0,0,0,0
280,VN-26 ,Phong Điền,4,13,7,6,0,0,0,0,0,0,0,0,0
281,VN-26 ,Phú Lộc,4,13,7,6,0,0,0,0,0,0,0,0,0
282,VN-26 ,Phú Vang,4,13,7,6,0,0,0,0,0,0,0,0,0
283,VN-26 ,Sịa,4,13,7,6,0,0,0,0,0,0,0,0,0
284,VN-DN ,Cẩm Lệ,4,958,307,617,34,0,0,0,0,0,0,0,0
285,VN-DN ,Hòa Vang,4,958,307,617,34,0,0,0,0,0,0,0,0
286,VN-DN ,Liên Chiểu,4,958,307,617,34,0,0,0,0,0,0,0,0
287,VN-DN ,Ngũ Hành Sơn,4,958,307,617,34,0,0,0,0,0,0,0,0
288,VN-DN ,Sơn Trà,4,958,307,617,34,0,0,0,0,0,0,0,0
289,VN-DN ,Thanh Khê,4,958,307,617,34,0,0,0,0,0,0,0,0
290,VN-27 ,Đại Lộc,4,166,40,123,3,0,0,0,0,0,0,0,0
291,VN-27 ,Điện Bàn,4,166,40,123,3,0,0,0,0,0,0,0,0
292,VN-27 ,Duy Xuyên,4,166,40,123,3,0,0,0,0,0,0,0,0
293,VN-27 ,Hà Lam,4,166,40,123,3,0,0,0,0,0,0,0,0
294,VN-27 ,Hiệp Đức,4,166,40,123,3,0,0,0,0,0,0,0,0
295,VN-27 ,Hội An,4,166,40,123,3,0,0,0,0,0,0,0,0
296,VN-27 ,Khâm Đức,4,166,40,123,3,0,0,0,0,0,0,0,0
297,VN-27 ,Núi Thành,4,166,40,123,3,0,0,0,0,0,0,0,0
298,VN-27 ,Phú Ninh,4,166,40,123,3,0,0,0,0,0,0,0,0
299,VN-27 ,Prao,4,166,40,123,3,0,0,0,0,0,0,0,0
300,VN-27 ,Quảng Hà,4,166,40,123,3,0,0,0,0,0,0,0,0
301,VN-27 ,Quế Sơn,4,166,40,123,3,0,0,0,0,0,0,0,0
302,VN-27 ,Thạnh Mỹ,4,166,40,123,3,0,0,0,0,0,0,0,0
303,VN-27 ,Tiên Phước,4,166,40,123,3,0,0,0,0,0,0,0,0
304,VN-27 ,Trà My,4,166,40,123,3,0,0,0,0,0,0,0,0
305,VN-29 ,Ba Tơ,4,219,211,8,0,0,0,0,0,0,0,0,0
306,VN-29 ,Bình Sơn,4,219,211,8,0,0,0,0,0,0,0,0,0
307,VN-29 ,Đức Phổ,4,219,211,8,0,0,0,0,0,0,0,0,0
308,VN-29 ,Lý Sơn,4,219,211,8,0,0,0,0,0,0,0,0,0
309,VN-29 ,Minh Long,4,219,211,8,0,0,0,0,0,0,0,0,0
310,VN-29 ,Mộ Đức,4,219,211,8,0,0,0,0,0,0,0,0,0
311,VN-29 ,Nghĩa Hành,4,219,211,8,0,0,0,0,0,0,0,0,0
312,VN-29 ,Sơn Hà,4,219,211,8,0,0,0,0,0,0,0,0,0
313,VN-29 ,Sơn Tịnh,4,219,211,8,0,0,0,0,0,0,0,0,0
314,VN-29 ,Tây Trà,4,219,211,8,0,0,0,0,0,0,0,0,0
315,VN-29 ,Trà Bồng,4,219,211,8,0,0,0,0,0,0,0,0,0
316,VN-29 ,Tư Nghĩa,4,219,211,8,0,0,0,0,0,0,0,0,0
317,VN-31 ,An Lão,4,53,52,1,0,0,0,0,0,0,0,0,0
318,VN-31 ,An Nhơn,4,53,52,1,0,0,0,0,0,0,0,0,0
319,VN-31 ,Bồng Sơn,4,53,52,1,0,0,0,0,0,0,0,0,0
320,VN-31 ,Hoài Ân,4,53,52,1,0,0,0,0,0,0,0,0,0
321,VN-31 ,Phù Cát,4,53,52,1,0,0,0,0,0,0,0,0,0
322,VN-31 ,Phù Mỹ,4,53,52,1,0,0,0,0,0,0,0,0,0
323,VN-31 ,Phú Phong,4,53,52,1,0,0,0,0,0,0,0,0,0
324,VN-31 ,Tuy Phước,4,53,52,1,0,0,0,0,0,0,0,0,0
325,VN-31 ,Vân Canh,4,53,52,1,0,0,0,0,0,0,0,0,0
326,VN-31 ,Vĩnh Thạnh,4,53,52,1,0,0,0,0,0,0,0,0,0
327,VN-32 ,Chí Thạnh,4,732,704,28,0,0,0,0,0,0,0,0,0
328,VN-32 ,Củng Sơn,4,732,704,28,0,0,0,0,0,0,0,0,0
329,VN-32 ,Đồng Xuân,4,732,704,28,0,0,0,0,0,0,0,0,0
330,VN-32 ,Hai Riêng,4,732,704,28,0,0,0,0,0,0,0,0,0
331,VN-32 ,Sông Cầu,4,732,704,28,0,0,0,0,0,0,0,0,0
332,VN-34 ,Cam Lâm,4,771,643,128,0,0,0,0,0,0,0,0,0
333,VN-34 ,Cam Ranh,4,771,643,128,0,0,0,0,0,0,0,0,0
334,VN-34 ,Cam Ranh,4,771,643,128,0,0,0,0,0,0,0,0,0
335,VN-34 ,Diên Khánh,4,771,643,128,0,0,0,0,0,0,0,0,0
336,VN-34 ,Khánh Vĩnh,4,771,643,128,0,0,0,0,0,0,0,0,0
337,VN-34 ,Ninh Hòa,4,771,643,128,0,0,0,0,0,0,0,0,0
338,VN-34 ,Tô Hạp,4,771,643,128,0,0,0,0,0,0,0,0,0
339,VN-34 ,Vạn Giã,4,771,643,128,0,0,0,0,0,0,0,0,0
340,VN-36 ,Bác Ái,4,50,38,12,0,0,0,0,0,0,0,0,0
341,VN-36 ,Khánh Hải,4,50,38,12,0,0,0,0,0,0,0,0,0
342,VN-36 ,Phước Dân,4,50,38,12,0,0,0,0,0,0,0,0,0
343,VN-36 ,Tân Sơn,4,50,38,12,0,0,0,0,0,0,0,0,0
344,VN-40 ,Chợ Lầu,4,126,115,11,0,0,0,0,0,0,0,0,0
345,VN-40 ,Liên Hương,4,126,115,11,0,0,0,0,0,0,0,0,0
346,VN-40 ,Ma Lâm,4,126,115,11,0,0,0,0,0,0,0,0,0
347,VN-40 ,Phú Quý,4,126,115,11,0,0,0,0,0,0,0,0,0
348,VN-40 ,Tánh Linh,4,126,115,11,0,0,0,0,0,0,0,0,0
349,VN-40 ,Thuận Nam,4,126,115,11,0,0,0,0,0,0,0,0,0
350,VN-40 ,Võ Xu,4,126,115,11,0,0,0,0,0,0,0,0,0
351,VN-28 ,Đắk Glei,4,0,0,0,0,0,0,0,0,0,0,0,0
352,VN-28 ,Đắk Hà,4,0,0,0,0,0,0,0,0,0,0,0,0
353,VN-28 ,Đắk Rve,4,0,0,0,0,0,0,0,0,0,0,0,0
354,VN-28 ,Đắk Tô,4,0,0,0,0,0,0,0,0,0,0,0,0
355,VN-28 ,Kon Plông,4,0,0,0,0,0,0,0,0,0,0,0,0
356,VN-28 ,Mang La,4,0,0,0,0,0,0,0,0,0,0,0,0
357,VN-28 ,Plei Kần,4,0,0,0,0,0,0,0,0,0,0,0,0
358,VN-28 ,Sa Thầy,4,0,0,0,0,0,0,0,0,0,0,0,0
359,VN-30 ,A Yun Pa,4,41,14,27,0,0,0,0,0,0,0,0,0
360,VN-30 ,Chư Prông,4,41,14,27,0,0,0,0,0,0,0,0,0
361,VN-30 ,Chư Sê,4,41,14,27,0,0,0,0,0,0,0,0,0
362,VN-30 ,Chư Ty,4,41,14,27,0,0,0,0,0,0,0,0,0
363,VN-30 ,Đăk Đoa,4,41,14,27,0,0,0,0,0,0,0,0,0
364,VN-30 ,Ia Kha,4,41,14,27,0,0,0,0,0,0,0,0,0
365,VN-30 ,Ia Pa,4,41,14,27,0,0,0,0,0,0,0,0,0
366,VN-30 ,K Bang,4,41,14,27,0,0,0,0,0,0,0,0,0
367,VN-30 ,Kon Dơng,4,41,14,27,0,0,0,0,0,0,0,0,0
368,VN-30 ,Kông Chro,4,41,14,27,0,0,0,0,0,0,0,0,0
369,VN-30 ,Phú Hòa,4,41,14,27,0,0,0,0,0,0,0,0,0
370,VN-30 ,Phú Túc,4,41,14,27,0,0,0,0,0,0,0,0,0
371,VN-33 ,Buôn Trấp,4,14,10,4,0,0,0,0,0,0,0,0,0
372,VN-33 ,Ea Drăng,4,14,10,4,0,0,0,0,0,0,0,0,0
373,VN-33 ,Ea Kar,4,14,10,4,0,0,0,0,0,0,0,0,0
374,VN-33 ,Ea Súp,4,14,10,4,0,0,0,0,0,0,0,0,0
375,VN-33 ,Krông Kmar,4,14,10,4,0,0,0,0,0,0,0,0,0
376,VN-33 ,Krông Năng,4,14,10,4,0,0,0,0,0,0,0,0,0
377,VN-33 ,Lắk,4,14,10,4,0,0,0,0,0,0,0,0,0
378,VN-33 ,M’Đrăk,4,14,10,4,0,0,0,0,0,0,0,0,0
379,VN-33 ,Phước An,4,14,10,4,0,0,0,0,0,0,0,0,0
380,VN-33 ,Quảng Phú,4,14,10,4,0,0,0,0,0,0,0,0,0
381,VN-72 ,Đắk Mâm,4,13,13,0,0,0,0,0,0,0,0,0,0
382,VN-72 ,Đắk Mil,4,13,13,0,0,0,0,0,0,0,0,0,0
383,VN-72 ,Đắk Song,4,13,13,0,0,0,0,0,0,0,0,0,0
384,VN-72 ,Ea T’ling,4,13,13,0,0,0,0,0,0,0,0,0,0
385,VN-72 ,Kiến Đức,4,13,13,0,0,0,0,0,0,0,0,0,0
386,VN-35 ,Ấp Đa Lợi,4,19,19,0,0,0,0,0,0,0,0,0,0
387,VN-35 ,Bảo Lộc,4,19,19,0,0,0,0,0,0,0,0,0,0
388,VN-35 ,Đạ Tẻh,4,19,19,0,0,0,0,0,0,0,0,0,0
389,VN-35 ,Di Linh,4,19,19,0,0,0,0,0,0,0,0,0,0
390,VN-35 ,Đinh Văn,4,19,19,0,0,0,0,0,0,0,0,0,0
391,VN-35 ,Đồng Nai,4,19,19,0,0,0,0,0,0,0,0,0,0
392,VN-35 ,Đưc Trọng,4,19,19,0,0,0,0,0,0,0,0,0,0
393,VN-35 ,Lạc Dương,4,19,19,0,0,0,0,0,0,0,0,0,0
394,VN-35 ,Lộc Thắng,4,19,19,0,0,0,0,0,0,0,0,0,0
395,VN-35 ,Ma Đa Gui,4,19,19,0,0,0,0,0,0,0,0,0,0
396,VN-35 ,Thạnh Mỹ,4,19,19,0,0,0,0,0,0,0,0,0,0
397,VN-58 ,Bình Long,4,93,93,0,0,0,0,0,0,0,0,0,0
398,VN-58 ,Bù Đốp,4,93,93,0,0,0,0,0,0,0,0,0,0
399,VN-58 ,Chơn Thành,4,93,93,0,0,0,0,0,0,0,0,0,0
400,VN-58 ,Đức Phong,4,93,93,0,0,0,0,0,0,0,0,0,0
401,VN-58 ,Lộc Ninh,4,93,93,0,0,0,0,0,0,0,0,0,0
402,VN-58 ,Tân Phú,4,30974,93,0,0,4042,42510,39225,272160,265379,32105,145212,0
403,VN-37 ,Bến Cầu,4,257,205,51,1,0,0,0,0,0,0,0,0
404,VN-37 ,Châu Thành,4,257,205,51,1,0,0,0,0,0,0,0,0
405,VN-37 ,Dương Minh Châu,4,257,205,51,1,0,0,0,0,0,0,0,0
406,VN-37 ,Gò Dầu,4,257,205,51,1,0,0,0,0,0,0,0,0
407,VN-37 ,Hòa Thành,4,257,205,51,1,0,0,0,0,0,0,0,0
408,VN-37 ,Tân Biên,4,257,205,51,1,0,0,0,0,0,0,0,0
409,VN-37 ,Tân Châu,4,257,205,51,1,0,0,0,0,0,0,0,0
410,VN-37 ,Trảng Bàng,4,257,205,51,1,0,0,0,0,0,0,0,0
411,VN-57 ,Dầu Tiếng,4,3077,3029,45,3,0,0,0,0,0,0,0,0
412,VN-57 ,Dĩ An,4,3077,3029,45,3,0,0,0,0,0,0,0,0
413,VN-57 ,Lái Thiêu,4,3077,3029,45,3,0,0,0,0,0,0,0,0
414,VN-57 ,Phước Vĩnh,4,3077,3029,45,3,0,0,0,0,0,0,0,0
415,VN-57 ,Tân Uyên,4,3077,3029,45,3,0,0,0,0,0,0,0,0
416,VN-39 ,Gia Ray,4,1005,971,32,2,0,0,0,0,0,0,0,0
417,VN-39 ,Long Khánh,4,1005,971,32,2,0,0,0,0,0,0,0,0
418,VN-39 ,Long Thành,4,1005,971,32,2,0,0,0,0,0,0,0,0
419,VN-39 ,Nhơn Trạch,4,1005,971,32,2,0,0,0,0,0,0,0,0
420,VN-39 ,Tân Phú,4,30974,971,32,2,4042,42510,39225,272160,265379,32105,145212,0
421,VN-39 ,Thống Nhất,4,1005,971,32,2,0,0,0,0,0,0,0,0
422,VN-39 ,Trảng Bom,4,1005,971,32,2,0,0,0,0,0,0,0,0
423,VN-39 ,Vĩnh An,4,1005,971,32,2,0,0,0,0,0,0,0,0
424,VN-43 ,Côn Đảo,4,341,214,127,0,0,0,0,0,0,0,0,0
425,VN-43 ,Đất Đỏ,4,341,214,127,0,0,0,0,0,0,0,0,0
426,VN-43 ,Long Điền,4,341,214,127,0,0,0,0,0,0,0,0,0
427,VN-43 ,Thị Trấn Ngải Giao,4,341,214,127,0,0,0,0,0,0,0,0,0
428,VN-43 ,Thị Trấn Phú Mỹ,4,341,214,127,0,0,0,0,0,0,0,0,0
429,VN-43 ,Thị Trấn Phước Bửu,4,341,214,127,0,0,0,0,0,0,0,0,0
430,VN-SG ,Bình Chánh,4,33958,28406,1358,1358,2836,51744,46207,447258,445023,106179,252898,0
431,VN-SG ,Bình Tân,4,48763,43288,488,2438,2549,49052,45310,490937,490221,199279,219492,0
432,VN-SG ,Bình Thạnh,4,34551,29700,3110,1037,704,28286,28167,269555,281424,49001,137040,0
433,VN-SG ,Cần Giờ,4,2546,1925,153,25,443,7600,7269,45499,55340,358,43615,0
434,VN-SG ,Củ Chi,4,13697,11294,822,685,896,44494,41878,291776,360843,17284,275616,0
435,VN-SG ,Gò Vấp,4,18385,14663,1287,735,1700,43373,41845,301017,335197,21397,241785,0
436,VN-SG ,Hóc Môn,4,26343,22134,1581,790,1838,46391,43935,355373,375497,12223,318571,0
437,VN-SG ,Nhà Bè,4,20656,18791,620,826,419,13981,13474,113065,130222,1263,85801,0
438,VN-SG ,Phú Nhuận,4,11711,9202,703,468,1338,11524,10651,131702,131992,1642,135035,0
439,VN-SG ,Quận 1,4,19984,17345,400,600,1639,20040,19595,110379,105010,8539,73351,0
440,VN-SG ,Quận 10,4,25278,21307,1769,758,1444,17346,16551,165782,187388,2248,105399,0
441,VN-SG ,Quận 11,4,12278,10165,491,368,1254,17045,17773,177385,194742,6185,121032,0
442,VN-SG ,Quận 12,4,32265,28876,323,645,2421,46497,45464,433890,338031,87454,179054,0
443,VN-SG ,Quận 3,4,14981,12120,899,749,1213,19558,18976,114772,109512,2083,102464,0
444,VN-SG ,Quận 4,4,21995,19626,880,220,1269,9598,9670,109845,115581,7423,62582,0
445,VN-SG ,Quận 5,4,15819,12855,1424,158,1382,24303,25114,135899,127137,8146,125558,0
446,VN-SG ,Quận 6,4,20513,17969,1436,410,698,24384,23363,172941,165682,19700,95317,0
447,VN-SG ,Quận 7,4,20030,14890,1202,200,3738,27032,28031,256617,296504,9425,229688,0
448,VN-SG ,Quận 8,4,25831,22726,1808,517,780,33200,21155,226442,261386,255,217691,0
449,VN-SG ,Tân Bình,4,27647,18490,1935,1382,5840,30533,32240,253123,255210,5784,206919,0
450,VN-SG ,Tân Phú,4,30974,25383,1239,310,4042,42510,39225,272160,265379,32105,145212,0
451,VN-SG ,Thủ Đức,4,46296,44444,463,1389,0,82453,76913,700360,757931,22045,457988,0
452,VN-41 ,Bến Lức,4,744,723,11,10,0,0,0,0,0,0,0,0
453,VN-41 ,Cần Đước,4,744,723,11,10,0,0,0,0,0,0,0,0
454,VN-41 ,Cần Giuộc,4,744,723,11,10,0,0,0,0,0,0,0,0
455,VN-41 ,Đông Thành,4,744,723,11,10,0,0,0,0,0,0,0,0
456,VN-41 ,Hậu Nghĩa,4,744,723,11,10,0,0,0,0,0,0,0,0
457,VN-41 ,Tầm Vu,4,744,723,11,10,0,0,0,0,0,0,0,0
458,VN-41 ,Tân Hưng,4,744,723,11,10,0,0,0,0,0,0,0,0
459,VN-41 ,Tân Thạnh,4,744,723,11,10,0,0,0,0,0,0,0,0
460,VN-41 ,Tân Trụ,4,744,723,11,10,0,0,0,0,0,0,0,0
461,VN-41 ,Thạnh Hóa,4,744,723,11,10,0,0,0,0,0,0,0,0
462,VN-41 ,Thủ Thừa,4,744,723,11,10,0,0,0,0,0,0,0,0
463,VN-41 ,Vĩnh Hưng,4,744,723,11,10,0,0,0,0,0,0,0,0
464,VN-46 ,Chợ Gạo,4,895,889,5,1,0,0,0,0,0,0,0,0
465,VN-46 ,Mỹ Phước,4,895,889,5,1,0,0,0,0,0,0,0,0
466,VN-46 ,Tân Hiệp,4,895,889,5,1,0,0,0,0,0,0,0,0
467,VN-46 ,Tân Hòa,4,895,889,5,1,0,0,0,0,0,0,0,0
468,VN-46 ,Vĩnh Bình,4,895,889,5,1,0,0,0,0,0,0,0,0
469,VN-50 ,Ba Tri,4,217,199,18,0,0,0,0,0,0,0,0,0
470,VN-50 ,Bình Đại,4,217,199,18,0,0,0,0,0,0,0,0,0
471,VN-50 ,Châu Thành,4,217,199,18,0,0,0,0,0,0,0,0,0
472,VN-50 ,Chợ Lách,4,217,199,18,0,0,0,0,0,0,0,0,0
473,VN-50 ,Giồng Trôm,4,217,199,18,0,0,0,0,0,0,0,0,0
474,VN-50 ,Mỏ Cày,4,217,199,18,0,0,0,0,0,0,0,0,0
475,VN-50 ,Thạnh Phú,4,217,199,18,0,0,0,0,0,0,0,0,0
476,VN-51 ,Cầu Kè,4,87,79,8,0,0,0,0,0,0,0,0,0
477,VN-51 ,Châu Thành,4,87,79,8,0,0,0,0,0,0,0,0,0
478,VN-51 ,Duyên Hải,4,87,79,8,0,0,0,0,0,0,0,0,0
479,VN-51 ,Tiểu Cần,4,87,79,8,0,0,0,0,0,0,0,0,0
480,VN-51 ,Trà Cú,4,87,79,8,0,0,0,0,0,0,0,0,0
481,VN-49 ,Bình Minh,4,381,368,13,0,0,0,0,0,0,0,0,0
482,VN-49 ,Cái Nhum,4,381,368,13,0,0,0,0,0,0,0,0,0
483,VN-49 ,Long Hồ,4,381,368,13,0,0,0,0,0,0,0,0,0
484,VN-49 ,Tam Bình,4,381,368,13,0,0,0,0,0,0,0,0,0
485,VN-49 ,Trà Ôn,4,381,368,13,0,0,0,0,0,0,0,0,0
486,VN-49 ,Vũng Liêm,4,381,368,13,0,0,0,0,0,0,0,0,0
487,VN-45 ,Cái Tàu Hạ,4,1332,1284,27,21,0,0,0,0,0,0,0,0
488,VN-45 ,Lai Vung,4,1332,1284,27,21,0,0,0,0,0,0,0,0
489,VN-45 ,Lấp Vò,4,1332,1284,27,21,0,0,0,0,0,0,0,0
490,VN-45 ,Mỹ Thọ,4,1332,1284,27,21,0,0,0,0,0,0,0,0
491,VN-45 ,Sa Đéc,4,1332,1284,27,21,0,0,0,0,0,0,0,0
492,VN-45 ,Sa Rài,4,1332,1284,27,21,0,0,0,0,0,0,0,0
493,VN-45 ,Thanh Bình,4,1332,1284,27,21,0,0,0,0,0,0,0,0
494,VN-45 ,Tràm Chim,4,1332,1284,27,21,0,0,0,0,0,0,0,0
495,VN-44 ,An Châu,4,171,161,9,1,0,0,0,0,0,0,0,0
496,VN-44 ,An Phú,4,171,161,9,1,0,0,0,0,0,0,0,0
497,VN-44 ,Cái Dầu,4,171,161,9,1,0,0,0,0,0,0,0,0
498,VN-44 ,Châu Đốc,4,171,161,9,1,0,0,0,0,0,0,0,0
499,VN-44 ,Chợ Mới,4,171,161,9,1,0,0,0,0,0,0,0,0
500,VN-44 ,Nhà Bàng,4,171,161,9,1,0,0,0,0,0,0,0,0
501,VN-44 ,Núi Sập,4,171,161,9,1,0,0,0,0,0,0,0,0
502,VN-44 ,Phú Mỹ,4,171,161,9,1,0,0,0,0,0,0,0,0
503,VN-44 ,Tân Châu,4,171,161,9,1,0,0,0,0,0,0,0,0
504,VN-44 ,Tri Tôn,4,171,161,9,1,0,0,0,0,0,0,0,0
505,VN-47 ,An Biên,4,163,136,27,0,0,0,0,0,0,0,0,0
506,VN-47 ,Giồng Riềng,4,163,136,27,0,0,0,0,0,0,0,0,0
507,VN-47 ,Gò Quao,4,163,136,27,0,0,0,0,0,0,0,0,0
508,VN-47 ,Hà Tiên,4,163,136,27,0,0,0,0,0,0,0,0,0
509,VN-47 ,Hòn Đất,4,163,136,27,0,0,0,0,0,0,0,0,0
510,VN-47 ,Kiên Lương,4,163,136,27,0,0,0,0,0,0,0,0,0
511,VN-47 ,Minh Lương,4,163,136,27,0,0,0,0,0,0,0,0,0
512,VN-47 ,Phú Quốc,4,163,136,27,0,0,0,0,0,0,0,0,0
513,VN-47 ,Tân Hiệp,4,163,136,27,0,0,0,0,0,0,0,0,0
514,VN-47 ,Thứ Mười Một,4,163,136,27,0,0,0,0,0,0,0,0,0
515,VN-47 ,Vĩnh Thuận,4,163,136,27,0,0,0,0,0,0,0,0,0
516,VN-CT ,Bình Thủy,4,145,110,35,0,0,0,0,0,0,0,0,0
517,VN-CT ,Cái Răng,4,145,110,35,0,0,0,0,0,0,0,0,0
518,VN-CT ,Cờ Đỏ,4,145,110,35,0,0,0,0,0,0,0,0,0
519,VN-CT ,Ô Môn,4,145,110,35,0,0,0,0,0,0,0,0,0
520,VN-CT ,Phong Điền,4,145,110,35,0,0,0,0,0,0,0,0,0
521,VN-CT ,Thới Lai,4,145,110,35,0,0,0,0,0,0,0,0,0
522,VN-CT ,Thốt Nốt,4,145,110,35,0,0,0,0,0,0,0,0,0
523,VN-CT ,Vĩnh Thạnh,4,145,110,35,0,0,0,0,0,0,0,0,0
524,VN-73 ,Long Mỹ,4,47,47,0,0,0,0,0,0,0,0,0,0
525,VN-73 ,Một Ngàn,4,47,47,0,0,0,0,0,0,0,0,0,0
526,VN-73 ,Nàng Mau,4,47,47,0,0,0,0,0,0,0,0,0,0
527,VN-73 ,Ngã Bảy,4,47,47,0,0,0,0,0,0,0,0,0,0
528,VN-73 ,Ngã Sáu,4,47,47,0,0,0,0,0,0,0,0,0,0
529,VN-73 ,Phụng Hiệp,4,47,47,0,0,0,0,0,0,0,0,0,0
530,VN-52 ,Châu Thành,4,60,60,0,0,0,0,0,0,0,0,0,0
531,VN-52 ,Cù Lao Dung,4,60,60,0,0,0,0,0,0,0,0,0,0
532,VN-52 ,Huỳnh Hữu Nghĩa,4,60,60,0,0,0,0,0,0,0,0,0,0
533,VN-52 ,Kế Sách,4,60,60,0,0,0,0,0,0,0,0,0,0
534,VN-52 ,Long Phú,4,60,60,0,0,0,0,0,0,0,0,0,0
535,VN-52 ,Mỹ Xuyên,4,60,60,0,0,0,0,0,0,0,0,0,0
536,VN-52 ,Phú Lộc,4,60,60,0,0,0,0,0,0,0,0,0,0
537,VN-52 ,Vĩnh Châu,4,60,60,0,0,0,0,0,0,0,0,0,0
538,VN-55 ,Giá Rai,4,65,12,53,0,0,0,0,0,0,0,0,0
539,VN-55 ,Phước Long,4,65,12,53,0,0,0,0,0,0,0,0,0
540,VN-55 ,Thị Trấn Gành Hào,4,65,12,53,0,0,0,0,0,0,0,0,0
541,VN-55 ,Thị Trấn Hòa Bình,4,65,12,53,0,0,0,0,0,0,0,0,0
542,VN-55 ,Thị Trấn Ngan Dừa,4,65,12,53,0,0,0,0,0,0,0,0,0
543,VN-59 ,Cái Đôi Vàm,4,26,18,8,0,0,0,0,0,0,0,0,0
544,VN-59 ,Cái Nước,4,26,18,8,0,0,0,0,0,0,0,0,0
545,VN-59 ,Đầm Dơi,4,26,18,8,0,0,0,0,0,0,0,0,0
546,VN-59 ,Năm Căn,4,26,18,8,0,0,0,0,0,0,0,0,0
547,VN-59 ,Ngọc Hiển,4,26,18,8,0,0,0,0,0,0,0,0,0
548,VN-59 ,Thới Bình,4,26,18,8,0,0,0,0,0,0,0,0,0
549,VN-59 ,Trần Văn Thời,4,26,18,8,0,0,0,0,0,0,0,0,0
550,VN-59 ,U Minh,4,26,18,8,0,0,0,0,0,0,0,0,0
